file,begin,end,speaker,overall_log_likelihood,speech_log_likelihood,phone_duration_deviation
000003,0.0,0.35401360544217686,vi_wavs,-5.580760000000001,,
000000,0.0,1.0950113378684807,vi_wavs,-5.315152293577981,,
000007,0.0,0.68,vi_wavs,-5.757754411764706,,
000005,0.0,1.48,vi_wavs,-5.080183108108108,,
000006,0.0,0.74,vi_wavs,-4.597532432432432,,
